region,total_orders,total_revenue,total_net_revenue,average_order_value,total_quantity
West,145,183510.25,173569.5125,1197.0311206896552,408.0
South,143,181307.25,170281.2,1190.7776223776225,416.0
Unknown,77,96628.5,90666.875,1177.4918831168832,218.0
Midwest,74,84875.5,79621.5,1075.9662162162163,211.0
Northeast,61,78575.25,73536.0375,1205.5088114754099,166.0
