contract_type,total_customers,churned_customers,average_monthly_revenue,average_tenure_months,average_satisfaction_score,churn_rate
Month to Month,4936,1988,184.61888168557536,36.200364667747166,7.143577795786061,0.4028
Annual,3498,779,186.2046483704974,36.81532304173814,7.132904516866781,0.2227
Two Year,1566,259,186.40402298850574,35.543422733077904,7.152234993614304,0.1654
