risk_band,total_customers,churned_customers,average_churn_probability,total_annual_revenue,estimated_revenue_at_risk,average_lifetime_value,average_risk_flags,churn_rate
Critical Risk,387,259,0.6700516795865633,843670.32,551798.16,3013.5153746770025,2.7674418604651163,0.6693
High Risk,2146,1040,0.4871761416589003,4715851.92,2284074.72,5431.324962721342,1.918452935694315,0.4846
Moderate Risk,4043,1265,0.31673262428889437,9118834.92,2890581.96,6761.426663368786,1.2948305713579025,0.3129
Low Risk,3424,462,0.12621495327102805,7576019.16,1025062.2,8011.351042640186,0.6267523364485982,0.1349
