customer_segment,total_customers,churned_customers,average_monthly_revenue,average_product_usage_score,average_satisfaction_score,churn_rate
Mid Market,3048,946,183.8188024934383,67.37847769028872,7.1420931758530175,0.3104
Small Business,3555,1073,186.2534317862166,67.66304922644163,7.144135021097047,0.3018
Enterprise,1949,583,185.07813237557724,67.54045151359671,7.192201128783992,0.2991
Consumer,1448,424,187.43330110497237,68.39444060773481,7.063466850828729,0.2928
