product_category,total_transactions,total_units_sold,total_net_revenue,average_order_value
Technology,2437,14622,2766449.46,1135.1864833812065
Software,1638,9958,1906799.98,1164.102551892552
Office Supplies,1654,9785,1888444.75,1141.7441051995163
Furniture,1551,9233,1773118.14,1143.2096324951644
Services,1294,7777,1490402.54,1151.779397217929
