sales_channel,total_transactions,total_units_sold,total_net_revenue,average_order_value
Online,3586,21510,4122438.06,1149.592320133854
Retail,2012,12195,2322503.65,1154.3258697813121
Partner,1713,10338,1974016.93,1152.3741564506713
Direct Sales,1263,7332,1406256.23,1113.425360253365
