region,total_transactions,total_units_sold,total_net_revenue,average_order_value
South,2722,16190,3127542.49,1148.9869544452608
West,2365,14430,2741822.73,1159.3330782241014
Midwest,1792,10675,2029870.71,1132.7403515624999
Northeast,1695,10080,1925978.94,1136.2707610619468
