customer_segment,total_transactions,total_units_sold,total_net_revenue,average_order_value
Small Business,3021,18303,3498350.02,1158.0105991393577
Mid Market,2603,15306,2938932.91,1129.0560545524395
Enterprise,1660,10036,1893151.32,1140.4526024096385
Consumer,1290,7730,1494780.62,1158.7446666666667
